title,link,votes,answers,tags
"After python and ansible upgrade getting error ""/bin/sh: /bin/env python: No such file or directory""",https://stackoverflow.com/questions/79733335/after-python-and-ansible-upgrade-getting-error-bin-sh-bin-env-python-no-suc,0,0,"ansible-2.x,python-3.12"
Maven continuously spewing warning about libudev that I don't want,https://stackoverflow.com/questions/79733333/maven-continuously-spewing-warning-about-libudev-that-i-dont-want,0,0,"linux,docker,maven"
Azure Function Service Bus trigger,https://stackoverflow.com/questions/79733331/azure-function-service-bus-trigger,0,0,"c#,azure-functions,azureservicebus"
Queries for Count data by between two dates,https://stackoverflow.com/questions/79733325/queries-for-count-data-by-between-two-dates,0,1,"sql,sql-server"
Oracle Forms Loop - not working. Only works for 1st record,https://stackoverflow.com/questions/79733321/oracle-forms-loop-not-working-only-works-for-1st-record,0,0,"oracle-database,plsql,oracle10g,oracleforms"
Read data from a table in a PL/SQL procedure and insert into another table while one hot encoding,https://stackoverflow.com/questions/79733314/read-data-from-a-table-in-a-pl-sql-procedure-and-insert-into-another-table-while,0,0,"sql,oracle-database,plsql"
Azure App Configuration with AKS refresher burns quota fast,https://stackoverflow.com/questions/79733312/azure-app-configuration-with-aks-refresher-burns-quota-fast,0,0,".net,azure-devops,azure-aks,polling,azure-app-configuration"
"In JavaScript, how can I get the ID of the element that I am in? [duplicate]",https://stackoverflow.com/questions/79733309/in-javascript-how-can-i-get-the-id-of-the-element-that-i-am-in,1,2,"javascript,css"
How should I make series of API calls with the middle one needing time?,https://stackoverflow.com/questions/79733304/how-should-i-make-series-of-api-calls-with-the-middle-one-needing-time,1,1,"typescript,rxjs"
Elementor page shows unstyled content - flash of unstyled content,https://stackoverflow.com/questions/79733303/elementor-page-shows-unstyled-content-flash-of-unstyled-content,0,0,"php,wordpress,web,flash,elementor"
Error building project with boot maven plugin,https://stackoverflow.com/questions/79733302/error-building-project-with-boot-maven-plugin,0,0,"spring-boot,maven"
Grafana outlier detection,https://stackoverflow.com/questions/79733299/grafana-outlier-detection,0,0,grafana
Replacing my teams outdated and poor git solution. Need advice [closed],https://stackoverflow.com/questions/79733297/replacing-my-teams-outdated-and-poor-git-solution-need-advice,,0,"git,frontend,backend,release"
Does Entra ID Ciam support SSO for Native Authentication,https://stackoverflow.com/questions/79733296/does-entra-id-ciam-support-sso-for-native-authentication,0,0,"expo,single-sign-on,microsoft-entra-id"
Parametrizing the title of a Quarto dashboard,https://stackoverflow.com/questions/79733294/parametrizing-the-title-of-a-quarto-dashboard,0,0,quarto
Legend grouping not working with fig.add_shape,https://stackoverflow.com/questions/79733291/legend-grouping-not-working-with-fig-add-shape,0,0,"python,pandas,plotly,plotly.graph-objects"
SurveyJs in Angular - overriding the default layout of stock questions,https://stackoverflow.com/questions/79733290/surveyjs-in-angular-overriding-the-default-layout-of-stock-questions,0,0,"angular,surveyjs"
Why does a pointer stop being valid when returning? [closed],https://stackoverflow.com/questions/79733289/why-does-a-pointer-stop-being-valid-when-returning,,0,"c,windows,pointers,malloc,dynamic-memory-allocation"
Can't run fftw with Fortran,https://stackoverflow.com/questions/79733284/cant-run-fftw-with-fortran,,0,"fortran,gfortran,fftw"
Extremely slow to connect to MySQL server on host Windows 11 from WSL2/Ubuntu 24.04 but not Ubuntu 22.04/20.04,https://stackoverflow.com/questions/79733283/extremely-slow-to-connect-to-mysql-server-on-host-windows-11-from-wsl2-ubuntu-24,0,0,"mariadb,windows-subsystem-for-linux"
"Inside Linux container, using macOS’s new containerization feature, how can I access USB hardware? [closed]",https://stackoverflow.com/questions/79733280/inside-linux-container-using-macos-s-new-containerization-feature-how-can-i-ac,,0,"containers,kali-linux,macos-tahoe"
Blazor not showing spinner when page loads,https://stackoverflow.com/questions/79733274/blazor-not-showing-spinner-when-page-loads,0,0,"c#,asynchronous,blazor"
I can’t inherit DbContext in any class [closed],https://stackoverflow.com/questions/79733270/i-can-t-inherit-dbcontext-in-any-class,,0,"c#,.net,entity-framework,visual-studio-code,entity-framework-core"
Combine Latin and Arabic/Hebrew script in pandoc to latex,https://stackoverflow.com/questions/79733265/combine-latin-and-arabic-hebrew-script-in-pandoc-to-latex,0,1,"latex,pandoc,xelatex"
Not able to reset sequence for the primary key of an entity,https://stackoverflow.com/questions/79733262/not-able-to-reset-sequence-for-the-primary-key-of-an-entity,1,0,"spring,spring-boot,spring-data-jpa,spring-data"
Accumulate types in an array while preserving type safety,https://stackoverflow.com/questions/79733261/accumulate-types-in-an-array-while-preserving-type-safety,0,1,typescript
How to host multiple EMQX instances on same server [closed],https://stackoverflow.com/questions/79733260/how-to-host-multiple-emqx-instances-on-same-server,0,1,"mqtt,emqx"
How to set auto width of mat-select based on longest option?,https://stackoverflow.com/questions/79733257/how-to-set-auto-width-of-mat-select-based-on-longest-option,0,1,"css,angular,sass,angular-material,angular19"
ZKTime 5.0 Reporting Issue,https://stackoverflow.com/questions/79733256/zktime-5-0-reporting-issue,0,0,"function,formula"
What is the actual maximum nesting depth of dynamic parallelism in CUDA?,https://stackoverflow.com/questions/79733251/what-is-the-actual-maximum-nesting-depth-of-dynamic-parallelism-in-cuda,1,0,"cuda,nvidia,dynamic-parallelism"
Composite key as foreign key,https://stackoverflow.com/questions/79733249/composite-key-as-foreign-key,0,0,"database,database-design"
How can I change the browser used for Playwright codegen?,https://stackoverflow.com/questions/79733241/how-can-i-change-the-browser-used-for-playwright-codegen,,1,"reactjs,automated-tests,chromium,playwright"
How can I create two 2D Histograms in a single figure with one colorbar?,https://stackoverflow.com/questions/79733240/how-can-i-create-two-2d-histograms-in-a-single-figure-with-one-colorbar,0,1,"python,python-3.x,matplotlib,histogram"
"How to define onTapGesture with debounce in SwiftUI using PassThroughSubject simpler way than modifier, ViewModifier and Model inside?",https://stackoverflow.com/questions/79733239/how-to-define-ontapgesture-with-debounce-in-swiftui-using-passthroughsubject-sim,0,1,"ios,swift,swiftui"
I'm not sure why my java sourcecode is unable to read from this google doc [closed],https://stackoverflow.com/questions/79733236/im-not-sure-why-my-java-sourcecode-is-unable-to-read-from-this-google-doc,,0,"java,jsoup"
Linq to SQL Queries using CONTAINS with list of anonymous types,https://stackoverflow.com/questions/79733233/linq-to-sql-queries-using-contains-with-list-of-anonymous-types,1,0,entity-framework-core
Unsloth train_on_responses_only description missing,https://stackoverflow.com/questions/79733232/unsloth-train-on-responses-only-description-missing,1,0,"large-language-model,fine-tuning,language-model"
"Unchecking ""Trust access to the VBA project object model"" in Macro Setting breaks AddIn",https://stackoverflow.com/questions/79733230/unchecking-trust-access-to-the-vba-project-object-model-in-macro-setting-break,1,0,"excel,trust"
Session updates not working when I pass multipart form data,https://stackoverflow.com/questions/79733227/session-updates-not-working-when-i-pass-multipart-form-data,1,0,"flask,pytest"
OOM Killer Killed my Talend Jobserver Services - How to Solve,https://stackoverflow.com/questions/79733222/oom-killer-killed-my-talend-jobserver-services-how-to-solve,1,0,"java,linux-kernel,out-of-memory,talend,kill-process"
react-native-cn-quill - adding images error,https://stackoverflow.com/questions/79733216/react-native-cn-quill-adding-images-error,1,1,"react-native,image,huawei-mobile-services,quill"
Jira Xray Document Generator intersection of two arrays,https://stackoverflow.com/questions/79733214/jira-xray-document-generator-intersection-of-two-arrays,1,0,"javascript,jira,jira-xray"
How to use showModalBottomSheet in FlutterFragment,https://stackoverflow.com/questions/79733209/how-to-use-showmodalbottomsheet-in-flutterfragment,1,0,"android,flutter,dart"
fast-csv append writing headers to last row,https://stackoverflow.com/questions/79733208/fast-csv-append-writing-headers-to-last-row,1,0,"javascript,node.js,arrays,csv,fast-csv"
get budget group by project with aggrgate budget and task dax,https://stackoverflow.com/questions/79733206/get-budget-group-by-project-with-aggrgate-budget-and-task-dax,0,0,"powerbi,dax"
Leaflet map markers click event not working in certain scenarios,https://stackoverflow.com/questions/79733205/leaflet-map-markers-click-event-not-working-in-certain-scenarios,1,0,"javascript,jquery,leaflet"
Getting 401 Unauthorized error when accessing API in Apache Airflow 3.0.3,https://stackoverflow.com/questions/79733204/getting-401-unauthorized-error-when-accessing-api-in-apache-airflow-3-0-3,1,0,airflow
Trying to use Autofac in python 3.12 is triggering cannot be converted to type error,https://stackoverflow.com/questions/79733202/trying-to-use-autofac-in-python-3-12-is-triggering-cannot-be-converted-to-type-e,1,0,"python,autofac,clr"
hMailServer treats local domain as internal mail instead of using configured route,https://stackoverflow.com/questions/79733201/hmailserver-treats-local-domain-as-internal-mail-instead-of-using-configured-rou,0,0,"windows,email,smtp,hmail-server"
How do I load joblib file on spark?,https://stackoverflow.com/questions/79733200/how-do-i-load-joblib-file-on-spark,1,0,"python,pyspark,databricks,pickle,user-defined-functions"
How do I add a new item to the context menu for .url file types?,https://stackoverflow.com/questions/79733199/how-do-i-add-a-new-item-to-the-context-menu-for-url-file-types,2,1,"python,windows,registry,windows-shell"
How to switch from one salv to another with Back-Button?,https://stackoverflow.com/questions/79733197/how-to-switch-from-one-salv-to-another-with-back-button,1,1,"abap,alv"
Combine toMatchSnapshot and toBeCloseTo behavior?,https://stackoverflow.com/questions/79733190/combine-tomatchsnapshot-and-tobecloseto-behavior,1,0,"jestjs,vitest"
Is it possible to extract character-level coordinates from EasyOCR?,https://stackoverflow.com/questions/79733186/is-it-possible-to-extract-character-level-coordinates-from-easyocr,1,0,"python,image-processing,ocr,image-recognition,easyocr"
Add prefix to all URLs while using Blueprint,https://stackoverflow.com/questions/79733185/add-prefix-to-all-urls-while-using-blueprint,1,0,"python,flask,endpoint,prefix,blueprint"
SSL Cert gets an error until I click the Proceed Anyway button on a browser,https://stackoverflow.com/questions/79733179/ssl-cert-gets-an-error-until-i-click-the-proceed-anyway-button-on-a-browser,0,0,"ssl,curl,ssl-certificate,certificate,cert"
Outlier detection not working as expected,https://stackoverflow.com/questions/79733168/outlier-detection-not-working-as-expected,,1,"istio,envoyproxy,circuit-breaker,istio-gateway"
How to programmatically analyze LinkedIn profiles (user or company) [closed],https://stackoverflow.com/questions/79733163/how-to-programmatically-analyze-linkedin-profiles-user-or-company,,0,"web-scraping,artificial-intelligence,linkedin-api"
Delay publish after Play Store review completed,https://stackoverflow.com/questions/79733162/delay-publish-after-play-store-review-completed,0,0,"android,google-play,fastlane"
RESOURCE_EXHAUSTED: Quota exceeded for quota metric 'GetPlaceRequest' and limit 'GetPlaceRequest per minute' of service 'places.googleapis.com',https://stackoverflow.com/questions/79733160/resource-exhausted-quota-exceeded-for-quota-metric-getplacerequest-and-limit,0,0,"web-services,google-places-api"
Skip NextJS auth provider selection step,https://stackoverflow.com/questions/79733159/skip-nextjs-auth-provider-selection-step,0,0,"next.js,auth0"
Usage of Uri.ToString() in JsonHttpClient in ServiceStack,https://stackoverflow.com/questions/79733158/usage-of-uri-tostring-in-jsonhttpclient-in-servicestack,3,1,"c#,uri,servicestack,.net-4.8,.net-standard-2.0"
How to stop Spring Boot form login where not needed,https://stackoverflow.com/questions/79733154/how-to-stop-spring-boot-form-login-where-not-needed,0,0,"java,spring-boot"
Spaghetti plots legend,https://stackoverflow.com/questions/79733152/spaghetti-plots-legend,2,0,"r,plotly,ggplotly"
"How to format x,y coords in plotnine",https://stackoverflow.com/questions/79733150/how-to-format-x-y-coords-in-plotnine,2,1,"python,plotnine"
How to add a shadow to the stroke and not directly on the text?,https://stackoverflow.com/questions/79733140/how-to-add-a-shadow-to-the-stroke-and-not-directly-on-the-text,0,2,"html,css,stroke,dropshadow"
Cannot pickle weakref error in the multiprocessing in a class in Python,https://stackoverflow.com/questions/79733137/cannot-pickle-weakref-error-in-the-multiprocessing-in-a-class-in-python,0,0,"python,multiprocessing"
"Signoz Self hosted for Nextjs , no fetch calls were intercepted",https://stackoverflow.com/questions/79733132/signoz-self-hosted-for-nextjs-no-fetch-calls-were-intercepted,0,1,"reactjs,node.js,next.js,next.js13,signoz"
Blazor Dispose Order in a Component Hierarchy,https://stackoverflow.com/questions/79733127/blazor-dispose-order-in-a-component-hierarchy,2,0,"blazor,blazor-server-side"
Why Haskell Fails to Create a Builder Instance from Text,https://stackoverflow.com/questions/79733118/why-haskell-fails-to-create-a-builder-instance-from-text,1,1,haskell
Translations re-render on page load,https://stackoverflow.com/questions/79733112/translations-re-render-on-page-load,1,0,"reactjs,laravel,i18next,inertiajs,react-i18next"
Integrating CookieBot via GTM on Hostinger AI builder,https://stackoverflow.com/questions/79733111/integrating-cookiebot-via-gtm-on-hostinger-ai-builder,2,0,"javascript,google-tag-manager,hostinger,cookiebot"
"Spring OncePerRequestFilter Not Calling Controller in Async Request, getting internal server error for every request even for actuator endpoints",https://stackoverflow.com/questions/79733110/spring-onceperrequestfilter-not-calling-controller-in-async-request-getting-int,1,0,"spring-boot,spring-mvc,tomcat,spring-security,servlet-filters"
Getting 'org.json.JSONException: JSONArray[0] not found' exception when accessing invalid key or key with NULL value,https://stackoverflow.com/questions/79733109/getting-org-json-jsonexception-jsonarray0-not-found-exception-when-accessin,1,0,"jsonpath,jayway"
Firebase Auth (default) UI Action bar Overlapping the email/phone fields,https://stackoverflow.com/questions/79733108/firebase-auth-default-ui-action-bar-overlapping-the-email-phone-fields,1,0,"android,firebase,firebase-authentication,firebaseui"
How I can fix loading models from Assimp in my OpenGL Engine? [closed],https://stackoverflow.com/questions/79733107/how-i-can-fix-loading-models-from-assimp-in-my-opengl-engine,,0,"c++,macos,opengl,assimp"
How to wake on lan (wan) by using internet? [closed],https://stackoverflow.com/questions/79733106/how-to-wake-on-lan-wan-by-using-internet,,0,"router,wake-on-lan,wan"
How to test toast in Android Instrumented Test with Compose?,https://stackoverflow.com/questions/79733105/how-to-test-toast-in-android-instrumented-test-with-compose,1,0,"android,android-testing,android-toast,android-instrumentation"
Firebase Phone Authentication returns 503 Service Unavailable for Iraqi phone numbers,https://stackoverflow.com/questions/79733104/firebase-phone-authentication-returns-503-service-unavailable-for-iraqi-phone-nu,2,0,"javascript,firebase,firebase-authentication,sms"
How to model between-year seasonal variation in a beta-regression in R?,https://stackoverflow.com/questions/79733103/how-to-model-between-year-seasonal-variation-in-a-beta-regression-in-r,1,0,"r,glmmtmb"
Handling UNION Queries in Hibernate 6 with Single-Table Inheritance,https://stackoverflow.com/questions/79733102/handling-union-queries-in-hibernate-6-with-single-table-inheritance,1,0,"hibernate,hibernate-6.x,hypersistence-utils"
Why is the the generic implementation of Vector.Log so much slower than the non-generic implementations for me?,https://stackoverflow.com/questions/79733100/why-is-the-the-generic-implementation-of-vector-log-so-much-slower-than-the-non,2,0,".net,f#,benchmarking,simd,avx512"
Linux scheduler : what is struct sched_entity and why not store task_struct directly,https://stackoverflow.com/questions/79733098/linux-scheduler-what-is-struct-sched-entity-and-why-not-store-task-struct-dire,0,0,"linux-kernel,scheduler"
iText PDF Persian text rendering issue — characters appear broken,https://stackoverflow.com/questions/79733097/itext-pdf-persian-text-rendering-issue-characters-appear-broken,1,0,"c#,asp.net,.net,pdf,itext"
Laravel RabbitMQ worker not processing batch,https://stackoverflow.com/questions/79733096/laravel-rabbitmq-worker-not-processing-batch,1,0,"laravel,rabbitmq,jobs"
Notify client when server goes to background (Unity Netcode for gameobjects),https://stackoverflow.com/questions/79733089/notify-client-when-server-goes-to-background-unity-netcode-for-gameobjects,0,0,"unity-game-engine,multiplayer,netcode"
Insert date and time into last record,https://stackoverflow.com/questions/79733084/insert-date-and-time-into-last-record,,1,"sql,vba,ms-access"
Grouping two actions on a RealityKit Entity with different durations,https://stackoverflow.com/questions/79733081/grouping-two-actions-on-a-realitykit-entity-with-different-durations,0,0,"animation,entity,action,timing,realitykit"
How can I deploy alerting from log analytics into Teams using Bicep?,https://stackoverflow.com/questions/79733080/how-can-i-deploy-alerting-from-log-analytics-into-teams-using-bicep,0,0,"azure,microsoft-teams,azure-bicep"
Mapstruct - Generic Mapper and default value for null,https://stackoverflow.com/questions/79733079/mapstruct-generic-mapper-and-default-value-for-null,0,1,"java,spring,generics,mapstruct"
Flutter shaders: aurora points blending,https://stackoverflow.com/questions/79733069/flutter-shaders-aurora-points-blending,0,0,"flutter,glsl,shader,fragment-shader"
Validating admin form data of a ManyToManyField in Django,https://stackoverflow.com/questions/79733067/validating-admin-form-data-of-a-manytomanyfield-in-django,1,1,"python-3.x,django-models,django-validation"
How to write VB.NET Code to Read Email Using Microsoft Graph API and Save as .eml File,https://stackoverflow.com/questions/79733066/how-to-write-vb-net-code-to-read-email-using-microsoft-graph-api-and-save-as-em,,0,".net,vb.net,microsoft-graph-api,.net-4.7.2"
"Unable to refresh the taipy application connected with Postgres database, only old session data keep on displaying",https://stackoverflow.com/questions/79733063/unable-to-refresh-the-taipy-application-connected-with-postgres-database-only-o,0,0,"python,taipy"
How to ensure correct destructing of a non-regular tree?,https://stackoverflow.com/questions/79733061/how-to-ensure-correct-destructing-of-a-non-regular-tree,0,1,"c++,tree"
Why pytorch is getting killed during training on larger dataset on AWS EC2 instances,https://stackoverflow.com/questions/79733058/why-pytorch-is-getting-killed-during-training-on-larger-dataset-on-aws-ec2-insta,,0,"amazon-ec2,pytorch,torch,training-data"
"I created a small test project using gtest 1.11.0, it`s run ok. when I switched back to gtest 1.7.0, something error happend",https://stackoverflow.com/questions/79733053/i-created-a-small-test-project-using-gtest-1-11-0-its-run-ok-when-i-switched,0,0,"cmake,googletest"
Cannot send emails from Cloudflare worker,https://stackoverflow.com/questions/79733052/cannot-send-emails-from-cloudflare-worker,0,0,cloudflare-workers
Dynamically naming video files before test starts,https://stackoverflow.com/questions/79733051/dynamically-naming-video-files-before-test-starts,0,0,"java,docker,selenium-webdriver"
What is the relation between values for GRPC_ARG_KEEPALIVE_TIME_MS in a server and client,https://stackoverflow.com/questions/79733040/what-is-the-relation-between-values-for-grpc-arg-keepalive-time-ms-in-a-server-a,0,0,"grpc,grpc-c++"
What content must Template:Reflist have to generate a lower-alpha liststyle?,https://stackoverflow.com/questions/79733038/what-content-must-templatereflist-have-to-generate-a-lower-alpha-liststyle,0,0,mediawiki
How to consume COM events with C# dynamic without COM registration,https://stackoverflow.com/questions/79733035/how-to-consume-com-events-with-c-sharp-dynamic-without-com-registration,1,0,"c#,events,com"
"No actual value was found for the argument ""Application"" when using dependency injection in Eclipse plugin",https://stackoverflow.com/questions/79733032/no-actual-value-was-found-for-the-argument-application-when-using-dependency-i,1,1,"eclipse,dependency-injection,eclipse-plugin,osgi"
How to handle random NFC session errors (500 & 409) in Flutter iOS during continuous NFC tag reading?,https://stackoverflow.com/questions/79733020/how-to-handle-random-nfc-session-errors-500-409-in-flutter-ios-during-contin,0,0,"android,ios,flutter,flutter-dependencies,nfc"
How to debug 'possible dependency cycle detected' in bazel?,https://stackoverflow.com/questions/79733019/how-to-debug-possible-dependency-cycle-detected-in-bazel,0,0,bazel
Metadata showing in body tag instead of head tag,https://stackoverflow.com/questions/79733018/metadata-showing-in-body-tag-instead-of-head-tag,0,1,"reactjs,next.js,metadata,nextjs-15"
"MsGraph Todo $filter finishes with ""Invalid request"" error when has ""contains(title, '&')"" criteria",https://stackoverflow.com/questions/79733016/msgraph-todo-filter-finishes-with-invalid-request-error-when-has-containsti,1,1,"azure,microsoft-graph-api,microsoft-graph-todo"
intall a submodule before build if it is not exist yet?,https://stackoverflow.com/questions/79733015/intall-a-submodule-before-build-if-it-is-not-exist-yet,0,0,"maven,build,module,maven-multi-module"
Is it standard conformant to define static storage objects with cyclic references?,https://stackoverflow.com/questions/79733013/is-it-standard-conformant-to-define-static-storage-objects-with-cyclic-reference,1,1,"c++,language-lawyer"
Doc4j corrupts docx file after inserting paragraph,https://stackoverflow.com/questions/79733012/doc4j-corrupts-docx-file-after-inserting-paragraph,0,0,"java-8,ms-word,docx4j,corrupt"
How to make Google Maps JavaScript API zoom in/out process smoother?,https://stackoverflow.com/questions/79733010/how-to-make-google-maps-javascript-api-zoom-in-out-process-smoother,1,0,"javascript,react-native,google-maps,svg,react-google-maps-api"
Turbo back button navigation not working correctly with multiple lazy-loaded Turbo Frames in Rails 7,https://stackoverflow.com/questions/79733008/turbo-back-button-navigation-not-working-correctly-with-multiple-lazy-loaded-tur,0,0,"ruby-on-rails,stimulusjs,turbo,turbo-frames,hotwire"
"Jenkins pipeline - Cannot run program """" (in directory ""/var/lib/jenkins/caches/git-xxxxx""): error=2, No such file or directory",https://stackoverflow.com/questions/79733006/jenkins-pipeline-cannot-run-program-in-directory-var-lib-jenkins-caches,0,0,"git,docker,jenkins,jenkins-pipeline"
How to ensure ol-ext modifies OpenLayers layer prototype before usage after npm build?,https://stackoverflow.com/questions/79732997/how-to-ensure-ol-ext-modifies-openlayers-layer-prototype-before-usage-after-npm,1,0,"node.js,npm,vuejs3,gis,openlayers"
"How to auto-select the ""Good"" option in ChipsSelector in WhatsApp Flow JSON using Python backend?",https://stackoverflow.com/questions/79732995/how-to-auto-select-the-good-option-in-chipsselector-in-whatsapp-flow-json-usin,1,1,"python,whatsapp-flows,whatsapp-flow-json"
Is there a better way to simulate work in unit tests?,https://stackoverflow.com/questions/79732993/is-there-a-better-way-to-simulate-work-in-unit-tests,0,2,"c#,unit-testing,garbage-collection,nunit,simulation"
.gif Compose Multiplatform (Android & iOS),https://stackoverflow.com/questions/79732992/gif-compose-multiplatform-android-ios,0,0,"kotlin,gif,jetbrains-ide,compose-multiplatform,compose"
Why does the Linux kernel use initcalls instead of calling init functions directly?,https://stackoverflow.com/questions/79732991/why-does-the-linux-kernel-use-initcalls-instead-of-calling-init-functions-direct,0,0,"linux-kernel,initialization,kernel,boot"
Guidewire BillingCenter Upgrade 8 to 10 DefaultFileLockManager Loop,https://stackoverflow.com/questions/79732987/guidewire-billingcenter-upgrade-8-to-10-defaultfilelockmanager-loop,0,0,"gradle,build,guidewire,gosu"
How to remove percentage from overall_row from tbl_hierarchical output?,https://stackoverflow.com/questions/79732986/how-to-remove-percentage-from-overall-row-from-tbl-hierarchical-output,0,0,"r,gtsummary"
How does [[assume]] affect an assert?,https://stackoverflow.com/questions/79732984/how-does-assume-affect-an-assert,4,1,"c++,undefined-behavior,assert"
Using Stripe for Subscription Management but Collecting Payment via third party with backend as adapter [closed],https://stackoverflow.com/questions/79732978/using-stripe-for-subscription-management-but-collecting-payment-via-third-party,0,0,stripe-payments
How to properly mock useSelector with Vitest,https://stackoverflow.com/questions/79732968/how-to-properly-mock-useselector-with-vitest,,0,"reactjs,unit-testing,testing,vitest"
How to query a JSON column by a nested key?,https://stackoverflow.com/questions/79732966/how-to-query-a-json-column-by-a-nested-key,1,0,"java,griddb"
"Credit card validator program in python , loop [closed]",https://stackoverflow.com/questions/79732958/credit-card-validator-program-in-python-loop,,1,"python,loops"
NodeJS For Loop restarts from the beginning before completing [closed],https://stackoverflow.com/questions/79732953/nodejs-for-loop-restarts-from-the-beginning-before-completing,,0,"node.js,for-loop"
Can an Entra ID Server be added and used in ASP.NET Membership Providers?,https://stackoverflow.com/questions/79732950/can-an-entra-id-server-be-added-and-used-in-asp-net-membership-providers,,0,"asp.net,.net,asp.net-identity,microsoft-entra-id"
Unable to build project getting java.lang.IllegalArgumentException: Malformed \uxxxx encoding,https://stackoverflow.com/questions/79732944/unable-to-build-project-getting-java-lang-illegalargumentexception-malformed-u,0,0,"java,git,maven,intellij-idea,build"
"Non-blocking interleaving SSL_read, SSL_write",https://stackoverflow.com/questions/79732937/non-blocking-interleaving-ssl-read-ssl-write,0,0,"openssl,nonblocking"
"How can I significantly reduce slow rendering times for complex, multi-windowed UIs in WinUI 3/C++/WinRT (no XAML)?",https://stackoverflow.com/questions/79732930/how-can-i-significantly-reduce-slow-rendering-times-for-complex-multi-windowed,0,0,"xaml,desktop-application,winui-3,c++-winrt,xaml-islands"
Temporary object lifetime definitions among different standards,https://stackoverflow.com/questions/79732923/temporary-object-lifetime-definitions-among-different-standards,0,1,"c++,c++17"
Hot Chocolate GraphQL Subscription Provider RabbitMQ not connecting,https://stackoverflow.com/questions/79732905/hot-chocolate-graphql-subscription-provider-rabbitmq-not-connecting,0,0,"rabbitmq,publish-subscribe,subscription,hotchocolate"
Couldn't solve this gravity simulation problem,https://stackoverflow.com/questions/79732897/couldnt-solve-this-gravity-simulation-problem,0,1,"python,matrix"
Changing OpenGL (wgl) context to a different window handle,https://stackoverflow.com/questions/79732896/changing-opengl-wgl-context-to-a-different-window-handle,0,1,"winapi,opengl,vcl,openglcontext,wgl"
Subclassing together collections.defaultdict and typing.TypedDict in Python [closed],https://stackoverflow.com/questions/79732893/subclassing-together-collections-defaultdict-and-typing-typeddict-in-python,0,2,"python,python-typing"
Best way to modify Nagios object definitions files? [closed],https://stackoverflow.com/questions/79732891/best-way-to-modify-nagios-object-definitions-files,1,0,"ansible,nagios"
UDP multicast stream suddenly stops for 1-30 secs and automatically starts again,https://stackoverflow.com/questions/79732888/udp-multicast-stream-suddenly-stops-for-1-30-secs-and-automatically-starts-again,0,0,"c#,udp,.net-8.0,multicast,windows-11"
How to align a development environment with production in Microsoft Dynamics CRM (365)? [closed],https://stackoverflow.com/questions/79732887/how-to-align-a-development-environment-with-production-in-microsoft-dynamics-crm,,0,"dynamics-crm,dynamics-365,dynamics-crm-online"
Additional quotes pasting from Excel function to Notepad [duplicate],https://stackoverflow.com/questions/79732886/additional-quotes-pasting-from-excel-function-to-notepad,2,3,"excel,excel-formula,double-quotes"
"Why is there increase in APK size after upgrading to Android 15, AGP 8.8.1 and Kotlin 2.0 and why is the androidx.compose.* not being obfuscated? [closed]",https://stackoverflow.com/questions/79732885/why-is-there-increase-in-apk-size-after-upgrading-to-android-15-agp-8-8-1-and-k,2,0,"java,android,kotlin,android-studio,android-jetpack-compose"
Setting Min SDK Version to 23 or higher Breaks Support for 16KB Page Size Devices,https://stackoverflow.com/questions/79732881/setting-min-sdk-version-to-23-or-higher-breaks-support-for-16kb-page-size-device,0,0,"android,flutter,kotlin,gradle,build.gradle"
Recursive loop in composite action,https://stackoverflow.com/questions/79732865/recursive-loop-in-composite-action,1,0,github-actions
How to find the protoc and grpc_cpp_plugin in CMake?,https://stackoverflow.com/questions/79732861/how-to-find-the-protoc-and-grpc-cpp-plugin-in-cmake,0,0,"c++,cmake,protobuf-c,grpc-c++"
Error occurring on multiple data made in worksheet,https://stackoverflow.com/questions/79732853/error-occurring-on-multiple-data-made-in-worksheet,,0,logging
Making HTML table borders collapse in Java 8,https://stackoverflow.com/questions/79732846/making-html-table-borders-collapse-in-java-8,0,2,"java,html,swing"
"Flink DynamoDB Sink: ""The provided key element does not match the schema""",https://stackoverflow.com/questions/79732844/flink-dynamodb-sink-the-provided-key-element-does-not-match-the-schema,0,1,"amazon-dynamodb,flink-streaming,flink-sql,pyflink"
Deploy server to be accessible from another device [closed],https://stackoverflow.com/questions/79732843/deploy-server-to-be-accessible-from-another-device,0,0,"docker,server"
How to use WSS with Elytron,https://stackoverflow.com/questions/79732840/how-to-use-wss-with-elytron,0,0,"security,soap,wildfly,elytron"
How to reliably find out if an IEnumerable<T> is materialized?,https://stackoverflow.com/questions/79732839/how-to-reliably-find-out-if-an-ienumerablet-is-materialized,3,2,"c#,linq,.net-8.0"
Visual Studio: XML validation against DTD fails — how to find the error?,https://stackoverflow.com/questions/79732835/visual-studio-xml-validation-against-dtd-fails-how-to-find-the-error,1,2,"xml,visual-studio,validation,dtd"
File Upload - Update image name to database Mysql PHP [closed],https://stackoverflow.com/questions/79732830/file-upload-update-image-name-to-database-mysql-php,,0,"php,mysql,file-upload"
"Why can anyone call my Firebase callable Cloud Function via its HTTPS URL, outside my mobile app?",https://stackoverflow.com/questions/79732826/why-can-anyone-call-my-firebase-callable-cloud-function-via-its-https-url-outsi,4,1,"flutter,firebase,google-cloud-platform,firebase-authentication,google-cloud-functions"
Can't copy files across Dockerfile steps [closed],https://stackoverflow.com/questions/79732819/cant-copy-files-across-dockerfile-steps,,0,docker
Is there an easy way to integrate emailjs in an existing React.js project? [closed],https://stackoverflow.com/questions/79732812/is-there-an-easy-way-to-integrate-emailjs-in-an-existing-react-js-project,,0,"javascript,reactjs,next.js"
Set exact function return value from parameter?,https://stackoverflow.com/questions/79732810/set-exact-function-return-value-from-parameter,0,0,"typescript,visual-studio-code"
iOS background location works in Debug but not in Release (Flutter),https://stackoverflow.com/questions/79732808/ios-background-location-works-in-debug-but-not-in-release-flutter,0,1,"ios,flutter,xcode,flutter-dependencies,flutter-background"
How to convert Hugging Face embedding model into ONNX format loadable into Oracle 23ai? [closed],https://stackoverflow.com/questions/79732807/how-to-convert-hugging-face-embedding-model-into-onnx-format-loadable-into-oracl,0,0,"onnx,oracle-autonomous-db,vector-search,oracle23ai"
CloudKit remote notifications in macOS get clogged up,https://stackoverflow.com/questions/79732806/cloudkit-remote-notifications-in-macos-get-clogged-up,0,0,"macos,push-notification,apple-push-notifications,cloudkit"
Is it possible to a create a looped directory structure without any of the folders having a Reparse attribute and each folder having a unique File Id,https://stackoverflow.com/questions/79732804/is-it-possible-to-a-create-a-looped-directory-structure-without-any-of-the-folde,0,0,"c++,windows,filesystems,reparsepoint"
Vue watch triggers on route change,https://stackoverflow.com/questions/79732802/vue-watch-triggers-on-route-change,1,0,"javascript,frontend,vuejs3,nuxt3.js"
Changing the Font on part of the body of my email,https://stackoverflow.com/questions/79732801/changing-the-font-on-part-of-the-body-of-my-email,0,1,"google-apps-script,fonts,format,html-email"
Is there any way to get an event or notification when a user scans the QR code during MFA setup using AWS Amplify Gen 2 API? [closed],https://stackoverflow.com/questions/79732793/is-there-any-way-to-get-an-event-or-notification-when-a-user-scans-the-qr-code-d,,0,"javascript,angular,amazon-web-services,authentication,aws-amplify"
Android Chrome Custom Tabs login with Facebook,https://stackoverflow.com/questions/79732792/android-chrome-custom-tabs-login-with-facebook,0,0,"android,facebook,authentication,identity,chrome-custom-tabs"
Why data from CoreTempInfo is 0 with my C# service [closed],https://stackoverflow.com/questions/79732791/why-data-from-coretempinfo-is-0-with-my-c-sharp-service,0,0,"c#,service"
Application is crashed on startup after migration to Android 16 [closed],https://stackoverflow.com/questions/79732785/application-is-crashed-on-startup-after-migration-to-android-16,0,0,"android,kotlin,android-16"
Blocking Windows key from Unity doesn’t work when game is in foreground,https://stackoverflow.com/questions/79732781/blocking-windows-key-from-unity-doesn-t-work-when-game-is-in-foreground,0,0,"unity-game-engine,winapi,dll,wh-keyboard-ll"
SwiftLintBuildToolPlugin doesn't have a bundle identifier,https://stackoverflow.com/questions/79732777/swiftlintbuildtoolplugin-doesnt-have-a-bundle-identifier,0,0,"swift,xcode,continuous-integration,swiftlint"
Is there any way to convert html (laravel blade) to pdf? [closed],https://stackoverflow.com/questions/79732772/is-there-any-way-to-convert-html-laravel-blade-to-pdf,,0,"php,laravel,pdf,pdf-generation,laravel-12"
Some packages from local repository have incorrect checksum at do_rootfs step,https://stackoverflow.com/questions/79732771/some-packages-from-local-repository-have-incorrect-checksum-at-do-rootfs-step,0,0,"yocto,rpm,bitbake,dnf"
React Bootstrap Navbar Collapse Not Showing the Links On Default,https://stackoverflow.com/questions/79732766/react-bootstrap-navbar-collapse-not-showing-the-links-on-default,0,1,"navbar,react-bootstrap"
Send email only for a specific exception (ConfigException),https://stackoverflow.com/questions/79732762/send-email-only-for-a-specific-exception-configexception,0,0,"java,logging,log4j2,splunk"
Airflow ModuleNotFoundError: No module named 'pyarrow',https://stackoverflow.com/questions/79732761/airflow-modulenotfounderror-no-module-named-pyarrow,0,0,"airflow,etl,data-engineering"
"Margin for div item not working on mobile view, but working on desktop [closed]",https://stackoverflow.com/questions/79732752/margin-for-div-item-not-working-on-mobile-view-but-working-on-desktop,0,0,"html,css,mobile-development"
How do I stub out an impl Trait-returning function?,https://stackoverflow.com/questions/79732747/how-do-i-stub-out-an-impl-trait-returning-function,3,1,"rust,traits"
Selenium cannot log in to ZTE ZXHN H298A modem admin panel despite correct credentials,https://stackoverflow.com/questions/79732746/selenium-cannot-log-in-to-zte-zxhn-h298a-modem-admin-panel-despite-correct-crede,0,0,"python-3.x,selenium-webdriver,selenium-chromedriver,ui-automation"
What are the breaking changes in Rails 7 to Rails 8? [closed],https://stackoverflow.com/questions/79732744/what-are-the-breaking-changes-in-rails-7-to-rails-8,,0,"ruby-on-rails,ruby-on-rails-7,ruby-on-rails-8"
"Error inflating class androidx.camera.view.PreviewView, Caused by: java.lang.reflect.InvocationTargetException",https://stackoverflow.com/questions/79732740/error-inflating-class-androidx-camera-view-previewview-caused-by-java-lang-ref,0,0,"java,android,kotlin"
Text replacement pop-up blocks the focus on the text field underneath the selected text field in iOS [closed],https://stackoverflow.com/questions/79732739/text-replacement-pop-up-blocks-the-focus-on-the-text-field-underneath-the-select,0,0,"ios,swift,uikit"
About test set of XGBoost for Time Series Forecasting,https://stackoverflow.com/questions/79732731/about-test-set-of-xgboost-for-time-series-forecasting,0,0,"time-series,xgboost,forecasting"
Call initiated and connected but can't hear anything,https://stackoverflow.com/questions/79732728/call-initiated-and-connected-but-cant-hear-anything,0,0,"sip,voip,sip-server,voip-android"
How to run a statement outside of transaction in alembic migration with psycopg3?,https://stackoverflow.com/questions/79732725/how-to-run-a-statement-outside-of-transaction-in-alembic-migration-with-psycopg3,1,0,"python,alembic,psycopg3"
Set System.GPS.Latitude and System.GPS.Longitude properties using VBA,https://stackoverflow.com/questions/79732724/set-system-gps-latitude-and-system-gps-longitude-properties-using-vba,1,2,"vba,image,file,properties"
Custom Physics Engine Cloth Simulation Gives Inconsistent Bounce When Two Balls Land Simultaneously [closed],https://stackoverflow.com/questions/79732719/custom-physics-engine-cloth-simulation-gives-inconsistent-bounce-when-two-balls,,0,"c#,physics"
How to access Docker Engine API via Unix domain socket using socat instead of curl?,https://stackoverflow.com/questions/79732715/how-to-access-docker-engine-api-via-unix-domain-socket-using-socat-instead-of-cu,0,0,docker
Native Android app crashes only on Android 15 — could it be related to 16KB memory page size?,https://stackoverflow.com/questions/79732707/native-android-app-crashes-only-on-android-15-could-it-be-related-to-16kb-memo,0,1,"android,kotlin"
iOS app not showing full screen on iPadOS 18.6 [closed],https://stackoverflow.com/questions/79732703/ios-app-not-showing-full-screen-on-ipados-18-6,0,0,"swift,swiftui,ipad,uikit,ipados"
How to analyze Flutter iOS app size and see which plugins/assets take the most space?,https://stackoverflow.com/questions/79732699/how-to-analyze-flutter-ios-app-size-and-see-which-plugins-assets-take-the-most-s,0,1,"ios,flutter,flutter-dependencies,flutter-build,flutter-ios-build"
CORS issue with Google ADK runnning as server and consuming from react app,https://stackoverflow.com/questions/79732697/cors-issue-with-google-adk-runnning-as-server-and-consuming-from-react-app,0,1,"python,google-gemini,google-agent-development-kit"
Google play console redirected to register page instead of dashboard page,https://stackoverflow.com/questions/79732696/google-play-console-redirected-to-register-page-instead-of-dashboard-page,0,0,"android,mobile,google-play,google-play-console"
Can I show both File Browser and Table of Contents in the same sidebar in JupyterLab?,https://stackoverflow.com/questions/79732693/can-i-show-both-file-browser-and-table-of-contents-in-the-same-sidebar-in-jupyte,0,0,"jupyter-notebook,jupyter-lab"
Python Script Change [closed],https://stackoverflow.com/questions/79732684/python-script-change,,0,python
vkCreateSampler crash without any validation info [closed],https://stackoverflow.com/questions/79732676/vkcreatesampler-crash-without-any-validation-info,,0,"c++,vulkan"
Any way to generate testid automatically in react? [closed],https://stackoverflow.com/questions/79732675/any-way-to-generate-testid-automatically-in-react,,0,"javascript,reactjs,testing,automated-tests,playwright"
How to use SnakeYAML to parse an array of maps?,https://stackoverflow.com/questions/79732673/how-to-use-snakeyaml-to-parse-an-array-of-maps,0,0,"java,list,snakeyaml,linkedhashset"
Svelte Layerchart - Formatting Axis Data,https://stackoverflow.com/questions/79732672/svelte-layerchart-formatting-axis-data,0,0,"svelte,layerchart,tailwin-css"
CultureInfo.CurrentUICulture is always default language - how to detect browser language,https://stackoverflow.com/questions/79732665/cultureinfo-currentuiculture-is-always-default-language-how-to-detect-browser,,0,"blazor,blazor-server-side"
Sharepoint authentication works with linkedservice but fails with copydata task,https://stackoverflow.com/questions/79732659/sharepoint-authentication-works-with-linkedservice-but-fails-with-copydata-task,0,0,"azure,azure-data-factory,sharepoint-online,data-engineering"
"Swift SQLite3 Not updating, but cannot get the exact error",https://stackoverflow.com/questions/79732653/swift-sqlite3-not-updating-but-cannot-get-the-exact-error,,0,"swift,sqlite"
HTTP Error 500.0 - Internal Server Error - The page cannot be displayed > because an internal server error has occurred [closed],https://stackoverflow.com/questions/79732652/http-error-500-0-internal-server-error-the-page-cannot-be-displayed-becaus,,0,"asp.net-mvc,iis-8"
Type Checker Method Overwrites [closed],https://stackoverflow.com/questions/79732650/type-checker-method-overwrites,0,2,"python,python-typing,pyright"
Find first bit set within an AVX 512 register,https://stackoverflow.com/questions/79732646/find-first-bit-set-within-an-avx-512-register,0,0,"c++,performance,optimization,x86,avx512"
React Native brownfield Android Native Project - Couldn't determine CLI location,https://stackoverflow.com/questions/79732645/react-native-brownfield-android-native-project-couldnt-determine-cli-location,0,0,"android,react-native,brownfield"
Unexpected Error when run powershell script in CI/CD,https://stackoverflow.com/questions/79732638/unexpected-error-when-run-powershell-script-in-ci-cd,0,0,"powershell,jenkins,jenkins-pipeline"
Class parameters in variant type [closed],https://stackoverflow.com/questions/79732637/class-parameters-in-variant-type,,0,c++
OTA over HTTPS using Certificate Bundle slows down the file transfer,https://stackoverflow.com/questions/79732634/ota-over-https-using-certificate-bundle-slows-down-the-file-transfer,0,0,esp32
SQL Server Profiler shows a stored procedure takes 25 seconds and when I run in SSMS for the same database takes less than 1 second [closed],https://stackoverflow.com/questions/79732631/sql-server-profiler-shows-a-stored-procedure-takes-25-seconds-and-when-i-run-in,,0,"sql,sql-server,database-performance"
Looking for a way to find what version of .NET all my programs are using in bulk,https://stackoverflow.com/questions/79732850/looking-for-a-way-to-find-what-version-of-net-all-my-programs-are-using-in-bulk,1,0,.net
Multiple Hosts/Shell Applications With Nx Micro Frontends,https://stackoverflow.com/questions/79732628/multiple-hosts-shell-applications-with-nx-micro-frontends,0,0,"javascript,typescript,nrwl-nx,nrwl,nx.dev"
"Blazor SSR with EditForm, the EditForm model has a list of objects. How can user update a field in one of the objects in the list?",https://stackoverflow.com/questions/79732624/blazor-ssr-with-editform-the-editform-model-has-a-list-of-objects-how-can-user,0,1,"blazor,server-side-rendering,editform"
"`async` test of a Fastify backend with `@fastify/websocket` times out, but also finishes",https://stackoverflow.com/questions/79732623/async-test-of-a-fastify-backend-with-fastify-websocket-times-out-but-also,0,0,"javascript,node.js,websocket,vitest,fastify"
How to serialize entt::sparse_set?,https://stackoverflow.com/questions/79732617/how-to-serialize-enttsparse-set,0,0,"c++,cereal,entt"
How to resolve dependencies for configuration ':app:debugRuntimeClasspathCopy',https://stackoverflow.com/questions/79732615/how-to-resolve-dependencies-for-configuration-appdebugruntimeclasspathcopy,0,0,"java,android,gradle,ionic-framework,capacitor"
how to write rule for a nested json,https://stackoverflow.com/questions/79732611/how-to-write-rule-for-a-nested-json,0,0,"jsonpath,json-rules-engine"
"Is there a setting to omit ""by"" column(s) from result of dataTable expression in R?",https://stackoverflow.com/questions/79732610/is-there-a-setting-to-omit-by-columns-from-result-of-datatable-expression-in,2,0,"datatable,grouping"
What's the purpose of using a @method phpdoc annotation for an interface instead of a method signature,https://stackoverflow.com/questions/79732609/whats-the-purpose-of-using-a-method-phpdoc-annotation-for-an-interface-instead,1,1,php
Choppy animation for SwiftUI DisclosureGroup in List,https://stackoverflow.com/questions/79732608/choppy-animation-for-swiftui-disclosuregroup-in-list,0,0,"swift,swiftui,swiftui-list"
What is the best way fetch data in nextJs as chain that second fetch waiting the first one done? [closed],https://stackoverflow.com/questions/79732607/what-is-the-best-way-fetch-data-in-nextjs-as-chain-that-second-fetch-waiting-the,,0,"reactjs,next.js,fetch"
why my module doesn't provide any exports? [closed],https://stackoverflow.com/questions/79732601/why-my-module-doesnt-provide-any-exports,,0,"javascript,typescript,module"
How to handle E2E API Request in Backend correctly?,https://stackoverflow.com/questions/79732597/how-to-handle-e2e-api-request-in-backend-correctly,0,0,"javascript,python,testing,frontend,backend"
How to structure a feature-first Clean Architecture in Flutter when features need shared logic or data [closed],https://stackoverflow.com/questions/79732596/how-to-structure-a-feature-first-clean-architecture-in-flutter-when-features-nee,,0,"flutter,dart,clean-architecture"
How to find the last row with specific value in a cell [closed],https://stackoverflow.com/questions/79732592/how-to-find-the-last-row-with-specific-value-in-a-cell,,3,google-sheets
LazyColumn losing scroll position after navigating forward and popping back,https://stackoverflow.com/questions/79732590/lazycolumn-losing-scroll-position-after-navigating-forward-and-popping-back,1,1,"android,kotlin,android-jetpack-compose"
Ansible `from_yaml` on a value from a vault,https://stackoverflow.com/questions/79732587/ansible-from-yaml-on-a-value-from-a-vault,0,0,"ansible,ansible-vault,ansible-filter"
Office JS Partition Key - What is it partitioning by?,https://stackoverflow.com/questions/79732584/office-js-partition-key-what-is-it-partitioning-by,0,0,office-js
Python cannot use bind mounted files in Docker,https://stackoverflow.com/questions/79732581/python-cannot-use-bind-mounted-files-in-docker,3,1,"python,docker,docker-compose"
Hyperskill not loading projects in Android Studio,https://stackoverflow.com/questions/79732579/hyperskill-not-loading-projects-in-android-studio,0,0,android-studio
Mutating detection data into binary,https://stackoverflow.com/questions/79732578/mutating-detection-data-into-binary,3,3,"r,date,tidyverse,data-manipulation,binary-data"
How do I return multiple values from Python to C++ via Pybind? [duplicate],https://stackoverflow.com/questions/79732576/how-do-i-return-multiple-values-from-python-to-c-via-pybind,,0,"python,c++,pybind11"
"TinyTeX fails to compile Beamer presentation with equation labels when \ignorenonframetext is active, but works with article class and on Overleaf [closed]",https://stackoverflow.com/questions/79732573/tinytex-fails-to-compile-beamer-presentation-with-equation-labels-when-ignoreno,2,1,"latex,beamer"
File Search Limitations with Microsoft Graph and Sites.Selected Permission,https://stackoverflow.com/questions/79732571/file-search-limitations-with-microsoft-graph-and-sites-selected-permission,0,0,"microsoft-graph-api,microsoft-entra-id,sharepoint-api,azure-entra-id"
Microsoft Graph API: GDAP not permitted to get non default group properties,https://stackoverflow.com/questions/79732570/microsoft-graph-api-gdap-not-permitted-to-get-non-default-group-properties,0,0,"microsoft-graph-api,microsoft-entra-id"
How does overload resolution select from multiple prospective destructors?,https://stackoverflow.com/questions/79732569/how-does-overload-resolution-select-from-multiple-prospective-destructors,5,1,"c++,language-lawyer,c++20,c++-concepts,overload-resolution"
"Unexpected message about ""decreasing argument of fix""",https://stackoverflow.com/questions/79732567/unexpected-message-about-decreasing-argument-of-fix,1,2,rocq-prover
Find only XPath-entries without any prefix by regular expression,https://stackoverflow.com/questions/79732565/find-only-xpath-entries-without-any-prefix-by-regular-expression,1,1,"regex,xpath,prefix"
Android Auto app not appearing in DHU despite correct manifest and automotive_app_desc setup,https://stackoverflow.com/questions/79732564/android-auto-app-not-appearing-in-dhu-despite-correct-manifest-and-automotive-ap,0,1,"java,android,android-auto"
Suspension of Async Functions [closed],https://stackoverflow.com/questions/79732563/suspension-of-async-functions,,0,"javascript,node.js,queue,callstack,event-loop"
Copy pasting Excel range to Outlook email - GetInspector Error,https://stackoverflow.com/questions/79732562/copy-pasting-excel-range-to-outlook-email-getinspector-error,1,1,"python,pywin32,win32com"
How do I Prevent a PrimeNG CascadeSelect from Overflowing the Side of the Screen?,https://stackoverflow.com/questions/79732561/how-do-i-prevent-a-primeng-cascadeselect-from-overflowing-the-side-of-the-screen,0,0,"html,css,typescript,primeng"
"Can't Build OMPL for MinGW on Windows (Boost, Eigen Installed)",https://stackoverflow.com/questions/79732560/cant-build-ompl-for-mingw-on-windows-boost-eigen-installed,1,0,"windows,mingw,ompl"
Pipeline not recognizing karma test cases and not generating sonar coverage,https://stackoverflow.com/questions/79732559/pipeline-not-recognizing-karma-test-cases-and-not-generating-sonar-coverage,0,0,"jenkins,jenkins-pipeline,jenkins-groovy"
Dependency issue in C++/CLI interface to use a C# library in GameMaker,https://stackoverflow.com/questions/79732556/dependency-issue-in-c-cli-interface-to-use-a-c-sharp-library-in-gamemaker,1,1,"c#,c++,.net-core,c++-cli,game-maker"
"""Cannot read properties of null (reading 'update')"" when closing all panels with leftHeader/rightHeader",https://stackoverflow.com/questions/79732554/cannot-read-properties-of-null-reading-update-when-closing-all-panels-with,1,0,"javascript,reactjs,typescript,electron,dockview"
Searching for documents in elasticsearch where one field is duplicated while another is not?,https://stackoverflow.com/questions/79732552/searching-for-documents-in-elasticsearch-where-one-field-is-duplicated-while-ano,0,0,elasticsearch
"Fed up with conda just wasting my time ""Solving environment"" [closed]",https://stackoverflow.com/questions/79732551/fed-up-with-conda-just-wasting-my-time-solving-environment,,1,"python,anaconda"
Count rows by month without including other columns on the chart [closed],https://stackoverflow.com/questions/79732544/count-rows-by-month-without-including-other-columns-on-the-chart,0,0,powerbi
Can Consistent Prefix in Cosmos DB cause a client to see fewer writes than in a previous read?,https://stackoverflow.com/questions/79732540/can-consistent-prefix-in-cosmos-db-cause-a-client-to-see-fewer-writes-than-in-a,0,0,azure-cosmosdb
How to prevent repeated computation in nested R6 objects?,https://stackoverflow.com/questions/79732538/how-to-prevent-repeated-computation-in-nested-r6-objects,0,0,"r,shiny,r6"
Is HuggingFace Accelerate's init_empty_weights Context Manager (Properly) Implemented for a Diffuser?,https://stackoverflow.com/questions/79732531/is-huggingface-accelerates-init-empty-weights-context-manager-properly-implem,0,0,"python,nlp,huggingface,diffusers"
WSL + Docker - memory exhausted in PHP 8.3 container - hardware issue? [closed],https://stackoverflow.com/questions/79732530/wsl-docker-memory-exhausted-in-php-8-3-container-hardware-issue,,0,"windows,docker,symfony,windows-subsystem-for-linux,php-8.3"
std::basic_string_view with one template argument,https://stackoverflow.com/questions/79732529/stdbasic-string-view-with-one-template-argument,0,1,"c++,templates"
